Name,Address,City,State,Zip,Geocodio Latitude,Geocodio Longitude,Geocodio Accuracy Score,Geocodio Accuracy Type,Geocodio Address Line 1,Geocodio Address Line 2,Geocodio Address Line 3,Geocodio House Number,Geocodio Street,Geocodio Unit Type,Geocodio Unit Number,Geocodio City,Geocodio State,Geocodio County,Geocodio Postal Code,Geocodio Country,Geocodio Source
Adams County Det Center,20 Hobo Fork Rd.,Natchez,MS,39120,31.555529,-91.219999,1,rooftop,20 Hobo Fork Rd,,"Natchez, MS 39120",20,Hobo Fork Rd,,,Natchez,MS,Adams County,39120,US,Adams
Adelanto Ice Processing Center,10250 Rancho Road,Adelanto,CA,92301,34.559429,-117.442237,1,rooftop,10250 Rancho Rd,,"Adelanto, CA 92301",10250,Rancho Rd,,,Adelanto,CA,San Bernardino County,92301,US,San Bernardino
Goose Creek Correctional,2301 West Alsop Rd,Wasilla,AK,99654,61.581305,-149.374335,0.5,place,,,"Wasilla, AK 99654",,,,,Wasilla,AK,Matanuska-Susitna Borough,99654,US,TIGER/Line® dataset from the US Census Bureau
Alamance County Detention Facility,109 South Maple Street,Graham,NC,27253,36.068437,-79.403684,1,rooftop,109 S Maple St,,"Graham, NC 27253",109,S Maple St,,,Graham,NC,Alamance County,27253,US,Alamance
Alexandria City Jail,2003 Mill Road,Alexandria,VA,22314,38.797924,-77.064626,1,rooftop,2003 Mill Rd,,"Alexandria, VA 22314",2003,Mill Rd,,,Alexandria,VA,Alexandria City,22314,US,City of Alexandria
Allen Parish Public Safety Complex,7340 Highway 26 West,Oberlin,LA,70655,30.622443,-92.774923,1,range_interpolation,7340 Hwy 26,,"Oberlin, LA 70655",7340,Hwy 26,,,Oberlin,LA,Allen Parish,70655,US,TIGER/Line® dataset from the US Census Bureau
Baker County Sheriff's Office,1 Sheriff Office Drive,Macclenny,FL,32063,30.29585,-82.121578,1,rooftop,1 Sheriffs Office Dr,,"Macclenny, FL 32063",1,Sheriffs Office Dr,,,Macclenny,FL,Baker County,32063,US,Baker
South Louisiana Detention Center,3843 Stagg Avenue,Basile,LA,70515,30.486648,-92.583629,0.9,range_interpolation,3843 E Stagg Ave,,"Basile, LA 70515",3843,E Stagg Ave,,,Basile,LA,Evangeline Parish,70515,US,TIGER/Line® dataset from the US Census Bureau
Bluebonnet Detention Facility,400 2nd Street,Anson,TX,79501,32.767645,-99.888084,1,rooftop,400 2nd St,,"Anson, TX 79501",400,2nd St,,,Anson,TX,Jones County,79501,US,Statewide (CC 0 Texas Natural Resources Information System)
Boone County Jail,3020 Conrad Lane,Burlington,KY,41005,39.036478,-84.72846,1,rooftop,3020 Conrad Ln,,"Burlington, KY 41005",3020,Conrad Ln,,,Burlington,KY,Boone County,41005,US,"Boone (GIS Services Division, Boone County Planning Commission)"
Guaynabo Mdc (San Juan),Hwy 28 Intsect Of Road 165,San Juan,PR,939,0,0,0,,,,,Could not geocode address. No matches found.,,,,,,,,,
Honolulu Federal Detention Center,351 Elliott St.,Honolulu,HI,96819,21.338688,-157.930399,1,rooftop,351 Elliott St,,"Honolulu, HI 96819",351,Elliott St,,,Honolulu,HI,Honolulu County,96819,US,Honolulu (City of Honolulu)
Buffalo Spc,4250 Federal Drive,Batavia,NY,14020,43.021006,-78.199812,1,rooftop,4250 Federal Dr,,"Batavia, NY 14020",4250,Federal Dr,,,Batavia,NY,Genesee County,14020,US,"NYS GIS Program Office, State Geographic Information Officer (GIO)"
Mesa Verde Ice Processing Center,425 Golden State Ave,Bakersfield,CA,93301,35.379261,-119.00645,1,rooftop,425 Golden State Ave,,"Bakersfield, CA 93301",425,Golden State Ave,,,Bakersfield,CA,Kern County,93301,US,Kern (Kern County)
Desert View Annex,10450 Rancho Road,Adelanto,CA,92301,34.559297,-117.436763,1,rooftop,10450 Rancho Rd,,"Adelanto, CA 92301",10450,Rancho Rd,,,Adelanto,CA,San Bernardino County,92301,US,San Bernardino
Calhoun County Correctional Center,185 East Michigan Avenue,Battle Creek,MI,49014,42.315719,-85.176527,1,range_interpolation,185 E Michigan Ave,,"Battle Creek, MI 49014",185,E Michigan Ave,,,Battle Creek,MI,Calhoun County,49014,US,TIGER/Line® dataset from the US Census Bureau
Caroline Detention Facility,11093 S.w. Lewis Memorial Drive,Bowling Green,VA,22427,38.111586,-77.267148,0.82,rooftop,11093 S W Lewis Memorial Dr,,"Bowling Green, VA 22427",11093,S W Lewis Memorial Dr,,,Bowling Green,VA,Caroline County,22427,US,Virginia Geographic Information Network (VGIN)
"Cca, Florence Correctional Center",1100 Bowling Road,Florence,AZ,85232,33.044083,-111.371772,0.8,rooftop,1100 N Bowling Rd,,"Florence, AZ 85132",1100,N Bowling Rd,,,Florence,AZ,Pinal County,85132,US,Pinal
T Don Hutto Detention Center,1001 Welch Street,Taylor,TX,76574,30.565083,-97.419699,1,rooftop,1001 Welch St,,"Taylor, TX 76574",1001,Welch St,,,Taylor,TX,Williamson County,76574,US,City of Round Rock
Otay Mesa Detention Center,7488 Calzada De La Fuente,San Diego,CA,92154,32.573764,-116.917929,0.67,nearest_rooftop_match,7363 Calzada De Fuente,,"San Diego, CA 92154",7363,Calzada De Fuente,,,San Diego,CA,San Diego County,92154,US,San Diego Geographic Information Source - JPA
Chase County Jail,301 South Walnut Street,Cottonwood Fall,KS,66845,38.367077,-96.538429,1,rooftop,301 S Walnut St,,"Cottonwood Falls, KS 66845",301,S Walnut St,,,Cottonwood Falls,KS,Chase County,66845,US,Statewide KS
Chippewa County Ssm,325 Court Street,Sault Sainte Marie,MI,49783,46.498387,-84.345679,1,range_interpolation,325 Court St,,"Sault Sainte Marie, MI 49783",325,Court St,,,Sault Sainte Marie,MI,Chippewa County,49783,US,TIGER/Line® dataset from the US Census Bureau
Cibola County Correctional Center,2000 Cibola Loop,Milan,NM,87021,35.179638,-107.907698,1,rooftop,2000 Cibola Loop,,"Milan, NM 87021",2000,Cibola Loop,,,Milan,NM,Cibola County,87021,US,Statewide NM
Clay County Jail,611 East Jackson Street,Brazil,IN,47834,39.523729,-87.119076,1,rooftop,611 E Jackson St,,"Brazil, IN 47834",611,E Jackson St,,,Brazil,IN,Clay County,47834,US,"Address Points of Indiana: Address Points Maintained by Local Government Agencies in Indiana, (Indiana Geographic Information Office, File Geodatabase, Point Feature Class)"
Clinton County Jail,25 Mccarthy Drive,Plattsburgh,NY,12901,44.720019,-73.466723,1,rooftop,25 McCarthy Dr,,"Plattsburgh, NY 12901",25,McCarthy Dr,,,Plattsburgh,NY,Clinton County,12901,US,"NYS GIS Program Office, State Geographic Information Officer (GIO)"
Clinton County Correctional Facility,419 Shoemaker Road,Lock Haven,PA,17745,41.154786,-77.337113,1,range_interpolation,419 Shoemaker Rd,,"Lock Haven, PA 17745",419,Shoemaker Rd,,,Lock Haven,PA,Clinton County,17745,US,TIGER/Line® dataset from the US Census Bureau
Collier County Naples Jail Center,3319 Tamiami Trail East,Naples,FL,34112,26.12914,-81.7637,1,rooftop,3319 Tamiami Trl E,,"Naples, FL 34112",3319,Tamiami Trl E,,,Naples,FL,Collier County,34112,US,Collier (Public Domain Collier County)
Tacoma Ice Processing Center (Northwest Det Ctr),1623 E. J Street,Tacoma,WA,98421,47.249288,-122.421653,1,rooftop,1623 E J St,,"Tacoma, WA 98421",1623,E J St,,,Tacoma,WA,Pierce County,98421,US,City of Tacoma
Cumberland County Jail,50 County Way,Portland,ME,4102,43.65117,-70.28184,1,rooftop,50 County Way,,"Portland, ME 04102",50,County Way,,,Portland,ME,Cumberland County,4102,US,Maine Office of GIS
Dakota County Jail,1601 Broadway,Dakota City,NE,68731,42.416071,-96.419792,1,rooftop,1601 Broadway St,,"Dakota City, NE 68731",1601,Broadway St,,,Dakota City,NE,Dakota County,68731,US,Statewide NE
Dallas County Jail - Lew Sterrett Justice Center,111 West Commerce Street,Dallas,TX,75202,32.778541,-96.814318,1,rooftop,111 W Commerce St,,"Dallas, TX 75207",111,W Commerce St,,,Dallas,TX,Dallas County,75207,US,Dallas
Denver Contract Detention Facility,3130 N. Oakland St.,Aurora,CO,80010,39.760873,-104.84918,1,rooftop,3130 N Oakland St,,"Aurora, CO 80010",3130,N Oakland St,,,Aurora,CO,Adams County,80010,US,Adams
Dodge County Jail,215 West Central Street,Juneau,WI,53039,43.372221,-88.710157,0.5,place,,,"Juneau, WI 53039",,,,,Juneau,WI,Dodge County,53039,US,TIGER/Line® dataset from the US Census Bureau
Eloy Federal Contract Facility,1705 East Hanna Rd.,Eloy,AZ,85131,32.817595,-111.522377,1,rooftop,1705 E Hanna Rd,,"Eloy, AZ 85131",1705,E Hanna Rd,,,Eloy,AZ,Pinal County,85131,US,Pinal
Eden Detention Center,702 E Broadway St,Eden,TX,76837,31.21662,-99.834003,1,rooftop,702 E Broadway St,,"Eden, TX 76837",702,E Broadway St,,,Eden,TX,Concho County,76837,US,Statewide Partial
Elmore County Jail,2255 E. 8th North,Mountain Home,ID,83647,43.137359,-115.67242,1,range_interpolation,2255 E 8th N,,"Mountain Home, ID 83647",2255,E 8th N,,,Mountain Home,ID,Elmore County,83647,US,TIGER/Line® dataset from the US Census Bureau
El Valle Detention Facility,1800 Industrial Drive,Raymondville,TX,78580,26.467284,-97.761644,1,rooftop,1800 Industrial Dr,,"Raymondville, TX 78580",1800,Industrial Dr,,,Raymondville,TX,Willacy County,78580,US,Statewide (CC 0 Texas Natural Resources Information System)
Elizabeth Contract D.f.,625 Evans Street,Elizabeth,NJ,7201,40.666175,-74.188848,1,range_interpolation,625 Evans St,,"Elizabeth, NJ 07201",625,Evans St,,,Elizabeth,NJ,Union County,7201,US,TIGER/Line® dataset from the US Census Bureau
El Paso Spc,8915 Montana Ave.,El Paso,TX,79925,31.793762,-106.369208,1,rooftop,8915 Montana Ave,,"El Paso, TX 79925",8915,Montana Ave,,,El Paso,TX,El Paso County,79925,US,Statewide (CC 0 Texas Natural Resources Information System)
Essex County Correctional Facility,354 Doremus Avenue,Newark,NJ,7105,40.721032,-74.126877,1,rooftop,354 Doremus Ave,,"Newark, NJ 07105",354,Doremus Ave,,,Newark,NJ,Essex County,7105,US,"NJ Office of Information Technology (NJOIT), Office of Geographic Information Systems (OGIS)"
Folkston Annex Ipc,3424 Highway 252 East,Folkston,GA,31537,30.838002,-81.999781,0.7,street_center,State Rte 252,,"Folkston, GA 31537",,State Rte 252,,,Folkston,GA,Charlton County,31537,US,TIGER/Line® dataset from the US Census Bureau
Folkston Main Ipc,3026 Hwy 252 East,Folkston,GA,31537,30.838002,-81.999781,0.7,street_center,State Rte 252,,"Folkston, GA 31537",,State Rte 252,,,Folkston,GA,Charlton County,31537,US,TIGER/Line® dataset from the US Census Bureau
Florence Service Processing Center,3250 North Pinal Parkway,Florence,AZ,85232,33.063608,-111.379047,0.9,range_interpolation,3250 N Pinal Pkwy,,"Florence, AZ 85132",3250,N Pinal Pkwy,,,Florence,AZ,Pinal County,85132,US,TIGER/Line® dataset from the US Census Bureau
Freeborn County Adult Detention Center,411 South Broadway Avenue,Albert Lea,MN,56007,43.646149,-93.368026,1,rooftop,411 Broadway Ave S,,"Albert Lea, MN 56007",411,Broadway Ave S,,,Albert Lea,MN,Freeborn County,56007,US,Freeborn
Ica - Farmville,508 Waterworks Road,Farmville,VA,23901,37.32058,-78.440928,1,rooftop,508 Water Works Rd,,"Farmville, VA 23901",508,Water Works Rd,,,Farmville,VA,Prince Edward County,23901,US,Virginia Geographic Information Network (VGIN)
Florence Staging Facility,3250 North Pinal Parkway,Florence,AZ,85232,33.063608,-111.379047,0.9,range_interpolation,3250 N Pinal Pkwy,,"Florence, AZ 85132",3250,N Pinal Pkwy,,,Florence,AZ,Pinal County,85132,US,TIGER/Line® dataset from the US Census Bureau
Geauga County Jail,12450 Merritt Dr,Chardon,OH,44024,41.504957,-81.192105,1,rooftop,12450 Merritt Rd,,"Chardon, OH 44024",12450,Merritt Rd,,,Chardon,OH,Geauga County,44024,US,Geauga
Golden State Annex,611 Frontage Rd,Mcfarland,CA,93250,35.66774,-119.226292,1,rooftop,611 Frontage Rd,,"Mc Farland, CA 93250",611,Frontage Rd,,,Mc Farland,CA,Kern County,93250,US,Kern (Kern County)
Department Of Corrections Hagatna,203 Aspinall Avenue,Hagatna,GU,96910,13.472745,144.752018,0.5,place,,,"Hagatna, GU 96910",,,,,Hagatna,GU,Guam,96910,US,TIGER/Line® dataset from the US Census Bureau
Dale G. Haile Detention Center,1115 Albany,Caldwell,ID,83605,43.664558,-116.680586,1,rooftop,1115 Albany St,,"Caldwell, ID 83605",1115,Albany St,,,Caldwell,ID,Canyon County,83605,US,Canyon
Hancock Co Pub Sfty Cplx,8450 Highway 90,Bay St. Louis,MS,39520,30.30278,-89.476802,1,rooftop,8450 Hwy 90,,"Bay Saint Louis, MS 39520",8450,Hwy 90,,,Bay Saint Louis,MS,Hancock County,39520,US,Hancock
Henderson Detention,18 E Basic Road,Henderson,NV,89015,36.030591,-114.979471,1,rooftop,18 E Basic Rd,,"Henderson, NV 89015",18,E Basic Rd,,,Henderson,NV,Clark County,89015,US,Henderson
Houston Contract Detention Facility,15850 Export Plaza Drive,Houston,TX,77032,29.950538,-95.312224,1,rooftop,15850 Export Plaza Dr,,"Houston, TX 77032",15850,Export Plaza Dr,,,Houston,TX,Harris County,77032,US,City of Houston
Imperial Regional Detention Facility,1572 Gateway,Calexico,CA,92231,32.981023,-115.656472,0.42,nearest_rooftop_match,1396 W Cady Rd,,"Brawley, CA 92227",1396,W Cady Rd,,,Brawley,CA,Imperial County,92227,US,Imperial (Imperial County)
Joe Corley Processing Ctr,500 Hilbig Rd,Conroe,TX,77301,30.336867,-95.449293,1,rooftop,500 Hilbig Rd,,"Conroe, TX 77301",500,Hilbig Rd,,,Conroe,TX,Montgomery County,77301,US,Montgomery
Central Louisiana Ice Processing Center (Clipc),830 Pinehill Road,Jena,LA,71342,31.708242,-92.150708,1,range_interpolation,830 Pinehill Rd,,"Jena, LA 71342",830,Pinehill Rd,,,Jena,LA,Lasalle Parish,71342,US,TIGER/Line® dataset from the US Census Bureau
Alexandria Staging Facility,96 George Thompson Drive,Alexandria,LA,71303,31.317925,-92.536645,1,rooftop,96 George Thompson Dr,,"Alexandria, LA 71303",96,George Thompson Dr,,,Alexandria,LA,Rapides Parish,71303,US,Rapides
Jackson Parish Correctional Center,327 Industrial Drive,Jonesboro,LA,71251,32.215777,-92.717318,1,range_interpolation,327 Industrial Dr,,"Jonesboro, LA 71251",327,Industrial Dr,,,Jonesboro,LA,Jackson Parish,71251,US,TIGER/Line® dataset from the US Census Bureau
Kandiyohi County Jail,2201 23rd St Ne,Willmar,MN,56201,45.14671,-95.014442,1,rooftop,2201 23rd St NE,,"Willmar, MN 56201",2201,23rd St NE,,,Willmar,MN,Kandiyohi County,56201,US,Kandiyohi
Karnes County Correctional Center,810 Commerce Street,Karnes City,TX,78118,28.883256,-97.90932,1,rooftop,810 Commerce St,,"Karnes City, TX 78118",810,Commerce St,,,Karnes City,TX,Karnes County,78118,US,Statewide Partial
Kay Co Justice Facility,1101 West Dry Road,Newkirk,OK,74647,36.868867,-97.134178,0.7,street_center,W Dry Rd,,"Newkirk, OK 74647",,W Dry Rd,,,Newkirk,OK,Kay County,74647,US,TIGER/Line® dataset from the US Census Bureau
Karnes County Immigration Processing Center,409 Fm 1144,Karnes City,TX,78118,28.885513,-97.915467,1,rooftop,409 Farm To Market Rd 1144,,"Karnes City, TX 78118",409,Farm To Market Rd 1144,,,Karnes City,TX,Karnes County,78118,US,Statewide TX
Krome North Service Processing Center,18201 Southwest 12th Street,Miami,FL,33194,25.754769,-80.490569,1,rooftop,18201 SW 12th St,,"Miami, FL 33194",18201,SW 12th St,,,Miami,FL,Miami-Dade County,33194,US,Miami Dade (CC0 1.0 Miami-Dade County)
Winn Correctional Center,560 Gum Spring Road,Winnfield,LA,71483,31.809211,-92.744735,0.7,street_center,Gum Springs Rd,,"Winnfield, LA 71483",,Gum Springs Rd,,,Winnfield,LA,Winn Parish,71483,US,TIGER/Line® dataset from the US Census Bureau
Limestone County Detention Center,910 North Tyus Street,Groesbeck,TX,76642,31.527512,-96.514703,1,rooftop,910 N Tyus St,,"Groesbeck, TX 76642",910,N Tyus St,,,Groesbeck,TX,Limestone County,76642,US,Statewide (CC 0 Texas Natural Resources Information System)
Linn County Jail,53 3rd Avenue Bridge,Cedar Rapids,IA,52401,41.975244,-91.670069,1,range_interpolation,53 3rd Avenue Brg,,"Cedar Rapids, IA 52401",53,3rd Avenue Brg,,,Cedar Rapids,IA,Linn County,52401,US,TIGER/Line® dataset from the US Census Bureau
Laredo Processing Center,4702 East Saunders Street,Laredo,TX,78041,27.529261,-99.448509,1,rooftop,4702 E Saunders St,,"Laredo, TX 78041",4702,E Saunders St,,,Laredo,TX,Webb County,78041,US,Statewide (CC 0 Texas Natural Resources Information System)
Monroe County Detention-Dorm,7000 East Dunbar Road,Monroe,MI,48161,41.895571,-83.393282,1,rooftop,7000 E Dunbar Rd,,"Monroe, MI 48161",7000,E Dunbar Rd,,,Monroe,MI,Monroe County,48161,US,Semcog
Saipan Department Of Corrections (Susupe),"Tekken St., Susupe Village",Saipan,MP,96950,15.190983,145.746743,1,place,,,"Saipan, MP 96950",,,,,Saipan,MP,Saipan Municipality,96950,US,TIGER/Line® dataset from the US Census Bureau
Moshannon Valley Processing Center,555 Geo Drive,Philipsburg,PA,16866,40.922608,-78.241697,1,rooftop,555 Geo Dr,,"Philipsburg, PA 16866",555,Geo Dr,,,Philipsburg,PA,Clearfield County,16866,US,Clearfield
Montgomery Ice Processing Center,806 Hilbig Rd,Conroe,TX,77301,30.337099,-95.443385,1,rooftop,806 Hilbig Rd,,"Conroe, TX 77301",806,Hilbig Rd,,,Conroe,TX,Montgomery County,77301,US,Montgomery
Nevada Southern Detention Center,2190 East Mesquite Avenue,Pahrump,NV,89060,36.249613,-115.975134,1,rooftop,2190 E Mesquite Ave,,"Pahrump, NV 89060",2190,E Mesquite Ave,,,Pahrump,NV,Nye County,89060,US,Nye
Nye County Sheriff-Pahrump,1520 E. Basin Road,Pahrump,NV,89060,36.21979,-115.986233,1,rooftop,1520 E Basin Ave,,"Pahrump, NV 89060",1520,E Basin Ave,,,Pahrump,NV,Nye County,89060,US,Nye
Orange County Jail,110 Wells Farm Road,Goshen,NY,10924,41.40424,-74.360625,1,rooftop,110 Wells Farm Rd,,"Goshen, NY 10924",110,Wells Farm Rd,,,Goshen,NY,Orange County,10924,US,"NYS GIS Program Office, State Geographic Information Officer (GIO)"
Otero County Detention,1000 New York,Alamogordo,NM,88310,32.900268,-105.958397,1,rooftop,1000 N New York Ave,,"Alamogordo, NM 88310",1000,N New York Ave,,,Alamogordo,NM,Otero County,88310,US,Statewide NM
Otero County Processing Center,26 Mcgregor Range Road,Chaparral,NM,88081,32.080372,-106.281726,1,rooftop,26 McGregor Range Rd,,"Chaparral, NM 88081",26,McGregor Range Rd,,,Chaparral,NM,Otero County,88081,US,Statewide NM
Pickens County Det Ctr,188 Cemetery St,Carrollton,AL,35447,33.229886,-88.25614,0.88,range_interpolation,188 Old Carrollton Rd,,"Pickensville, AL 35447",188,Old Carrollton Rd,,,Pickensville,AL,Pickens County,35447,US,TIGER/Line® dataset from the US Census Bureau
Phelps County Jail,715 5th Avenue,Holdrege,NE,68949,40.4395,-99.370609,1,rooftop,715 5th Ave,,"Holdrege, NE 68949",715,5th Ave,,,Holdrege,NE,Phelps County,68949,US,Phelps
Port Isabel Spc,27991 Buena Vista Boulevard,Los Fresnos,TX,78566,26.148689,-97.350707,0.7,street_center,Buena Vista Blvd,,"Los Fresnos, TX 78566",,Buena Vista Blvd,,,Los Fresnos,TX,Cameron County,78566,US,TIGER/Line® dataset from the US Census Bureau
Pike County Correctional Facility,175 Pike County Boulevard,Lords Valley,PA,18428,41.389076,-75.071227,1,rooftop,175 Pike County Blvd,,"Hawley, PA 18428",175,Pike County Blvd,,,Hawley,PA,Pike County,18428,US,Pike
Pinellas County Jail,14400 49th Street North,Clearwater,FL,33762,27.90291,-82.70428,1,rooftop,14400 49th St N,,"Clearwater, FL 33762",14400,49th St N,,,Clearwater,FL,Pinellas County,33762,US,City of Pinellas Park
Plymouth County Correctional Facility,26 Long Pond Road,Plymouth,MA,2360,41.931309,-70.651334,1,rooftop,26 Long Pond Rd,,"Plymouth, MA 02360",26,Long Pond Rd,,,Plymouth,MA,Plymouth County,2360,US,"Office of Geographic Information (MassGIS), Commonwealth of Massachusetts, MassIT"
Iah Secure Adult Detention Facility (Polk),3400 Fm 350 South,Livingston,TX,77351,30.696239,-95.005673,1,rooftop,3400 Farm To Market Rd 350 S,,"Livingston, TX 77351",3400,Farm To Market Rd 350 S,,,Livingston,TX,Polk County,77351,US,Statewide Partial
Polk County Jail,1985 Ne 51st Place,Des Moines,IA,50313,41.653628,-93.587896,1,rooftop,1985 NE 51st Pl,,"Des Moines, IA 50313",1985,NE 51st Pl,,,Des Moines,IA,Polk County,50313,US,Statewide IA
Pottawattamie County Jail,1400 Big Lake Road,Council Bluffs,IA,51501,41.284812,-95.865373,1,rooftop,1400 Big Lake Rd,,"Council Bluffs, IA 51501",1400,Big Lake Rd,,,Council Bluffs,IA,Pottawattamie County,51501,US,Pottawattamie (Public Domain)
Prairieland Detention Facility,1209 Sunflower Ln,Alvarado,TX,76009,32.421413,-97.195828,1,rooftop,1209 Sunflower Ln,,"Alvarado, TX 76009",1209,Sunflower Ln,,,Alvarado,TX,Johnson County,76009,US,Statewide (CC 0 Texas Natural Resources Information System)
Rio Grande Detention Center,1001 San Rio Boulevard,Laredo,TX,78046,27.379743,-99.489085,1,rooftop,1001 San Rio Blvd,,"Laredo, TX 78046",1001,San Rio Blvd,,,Laredo,TX,Webb County,78046,US,Statewide (CC 0 Texas Natural Resources Information System)
River Correctional Center,26362 Highway 15,Ferriday,LA,71334,31.597144,-91.557948,1,rooftop,26362 Hwy 15,,"Ferriday, LA 71334",26362,Hwy 15,,,Ferriday,LA,Concordia Parish,71334,US,Concordia
Richwood Correctional Center,180 Pine Bayou Circle,Richwood,LA,71202,32.458519,-92.079595,1,range_interpolation,180 Pine Bayou Cir,,"Monroe, LA 71202",180,Pine Bayou Cir,,,Monroe,LA,Ouachita Parish,71202,US,TIGER/Line® dataset from the US Census Bureau
Seneca County Jail,3040 South State Highway 100,Tiffin,OH,44883,41.079828,-83.152919,1,rooftop,3040 S Sr 100,,"Tiffin, OH 44883",3040,S Sr 100,,,Tiffin,OH,Seneca County,44883,US,Seneca
Sherburne County Jail,13880 Business Center Drive,Elk River,MN,55330,45.304053,-93.619356,1,rooftop,13880 Business Center Dr NW,,"Elk River, MN 55330",13880,Business Center Dr NW,,,Elk River,MN,Sherburne County,55330,US,Sherburne
San Luis Regional Detention Center,406 North Avenue D,San Luis,AZ,85349,32.484666,-114.684637,1,rooftop,406 N Ave D,,"San Luis, AZ 85349",406,N Ave D,,,San Luis,AZ,Yuma County,85349,US,Statewide AZ
Salt Lake County Metro Jail,3415 South 900 West,Salt Lake City,UT,84119,40.696919,-111.915542,1,rooftop,3415 S 900 W,,"South Salt Lake, UT 84119",3415,S 900 W,,,South Salt Lake,UT,Salt Lake County,84119,US,Utah AGRC (and individual UT counties)
South Texas Ice Processing Center,566 Veterans Drive,Pearsall,TX,78061,28.895694,-99.120202,1,rooftop,566 Veterans Dr,,"Pearsall, TX 78061",566,Veterans Dr,,,Pearsall,TX,Frio County,78061,US,Statewide Partial
St. Clair County Jail,1170 Michigan Road,Port Huron,MI,48060,42.942306,-82.479438,1,rooftop,1170 Michigan Rd,,"Port Huron, MI 48060",1170,Michigan Rd,,,Port Huron,MI,St. Clair County,48060,US,Semcog
South Texas Fam Residential Center,300 El Rancho Way,Dilley,TX,78017,28.658454,-99.200878,1,rooftop,300 El Rancho Way,,"Dilley, TX 78017",300,El Rancho Way,,,Dilley,TX,Frio County,78017,US,Statewide TX
Strafford County Corrections,266 County Farm Road,Dover,NH,3820,43.219176,-70.938666,1,range_interpolation,266 County Farm Rd,,"Dover, NH 03820",266,County Farm Rd,,,Dover,NH,Strafford County,3820,US,TIGER/Line® dataset from the US Census Bureau
Stewart Detention Center,146 Cca Road,Lumpkin,GA,31815,32.039122,-84.770133,0.7,street_center,Cca Rd,,"Lumpkin, GA 31815",,Cca Rd,,,Lumpkin,GA,Stewart County,31815,US,TIGER/Line® dataset from the US Census Bureau
Sweetwater County Jail,50140 United States Highway 191 South,Rock Springs,WY,82901,41.532809,-109.295593,0.85,range_interpolation,50140 US-191,,"Rock Springs, WY 82901",50140,US-191,,,Rock Springs,WY,Sweetwater County,82901,US,TIGER/Line® dataset from the US Census Bureau
Teller County Jail,288 Weaverville Road,Divide,CO,80814,38.94302,-105.151365,1,rooftop,288 Weaverville Rd,,"Divide, CO 80814",288,Weaverville Rd,,,Divide,CO,Teller County,80814,US,Teller
"Torrance/Estancia, Nm",209 County Road 49,Estancia,NM,87016,34.752146,-106.16066,0.5,place,,,"Estancia, NM 87016",,,,,Estancia,NM,Torrance County,87016,US,TIGER/Line® dataset from the US Census Bureau
Tulsa County Jail (David L. Moss Justice Ctr),300 North Denver Avenue,Tulsa,OK,74103,36.157613,-95.999021,1,rooftop,300 N Denver Ave W,,"Tulsa, OK 74103",300,N Denver Ave W,,,Tulsa,OK,Tulsa County,74103,US,Tulsa
Chittenden Regional Correctional Facility,7 Farrell Street,South Burlington,VT,5403,44.446398,-73.205381,1,rooftop,7 Farrell St,,"South Burlington, VT 05403",7,Farrell St,,,South Burlington,VT,Chittenden County,5403,US,"Statewide (VT Enhanced 911 Board, VCGI)"
Northwest State Correctional Center,3649 Lower Newton Road,Swanton,VT,5488,44.850446,-73.133281,1,rooftop,3649 Lower Newton Rd,,"Swanton, VT 05488",3649,Lower Newton Rd,,,Swanton,VT,Franklin County,5488,US,"Statewide (VT Enhanced 911 Board, VCGI)"
Washington County Jail,14900 North 612st. Street,Stillwater,MN,55082,45.03699,-92.805014,0.88,range_interpolation,14900 61st St N,,"Stillwater, MN 55082",14900,61st St N,,,Stillwater,MN,Washington County,55082,US,TIGER/Line® dataset from the US Census Bureau
Washington County Detention Center,1155 West Clydesdale Drive,Fayetteville,AR,72701,36.033446,-94.177403,1,rooftop,1155 W Clydesdale Dr,,"Fayetteville, AR 72701",1155,W Clydesdale Dr,,,Fayetteville,AR,Washington County,72701,US,City of Fayetteville
Washoe County Jail,911 Parr Boulevard,Reno,NV,89512,39.574718,-119.813104,1,rooftop,911 Parr Blvd,,"Reno, NV 89512",911,Parr Blvd,,,Reno,NV,Washoe County,89512,US,Washoe
Broward Transitional Center,3900 North Powerline Road,Pompano Beach,FL,33073,26.277176,-80.150897,1,rooftop,3900 N Powerline Rd,,"Pompano Beach, FL 33073",3900,N Powerline Rd,,,Pompano Beach,FL,Broward County,33073,US,Broward
Webb County Detention Center (Cca),9998 South Highway 83,Laredo,TX,78046,27.367767,-99.495067,0.7,nearest_rooftop_match,9999 US-83,,"Laredo, TX 78046",9999,US-83,,,Laredo,TX,Webb County,78046,US,Statewide (CC 0 Texas Natural Resources Information System)
Wyatt Detention Center,950 High Street,Central Falls,RI,2863,41.892328,-71.384013,1,rooftop,950 High St,,"Central Falls, RI 02863",950,High St,,,Central Falls,RI,Providence County,2863,US,Statewide RI
Coastal Bend Detention Facility,4909 Fm (Farm To Market) 2826,Robstown,TX,78380,27.736711,-97.754746,1,rooftop,4909 Farm To Market Rd 2826,,"Robstown, TX 78380",4909,Farm To Market Rd 2826,,,Robstown,TX,Nueces County,78380,US,Statewide (CC 0 Texas Natural Resources Information System)
Jefferson County Jail,200 Courthouse Way,Rigby,ID,83442,43.679169,-111.910983,1,rooftop,200 Courthouse Way,,"Rigby, ID 83442",200,Courthouse Way,,,Rigby,ID,Jefferson County,83442,US,Jefferson
Madison County Jail,2935 Highway 51,Canton,MS,39046,32.643209,-90.023299,1,range_interpolation,2935 US-51,,"Canton, MS 39046",2935,US-51,,,Canton,MS,Madison County,39046,US,TIGER/Line® dataset from the US Census Bureau
Miller County Jail,2300 East Street,Texarkana,AR,71854,33.401175,-94.022482,1,rooftop,2300 East St,,"Texarkana, AR 71854",2300,East St,,,Texarkana,AR,Miller County,71854,US,Arkansas Geographic Information Office
Minicassia Detention Center,1415 Albion Avenue,Burley,ID,83318,42.534969,-113.791224,1,rooftop,1415 Albion Ave,,"Burley, ID 83318",1415,Albion Ave,,,Burley,ID,Cassia County,83318,US,Statewide ID
Orange County Jail,3855 South John Young Parkway,Orlando,FL,32839,28.50353,-81.416856,1,rooftop,3855 S John Young Pkwy,,"Orlando, FL 32839",3855,S John Young Pkwy,,,Orlando,FL,Orange County,32839,US,Orange (Public Domain Orange County)
Pine Prairie Ice Processing Center,1133 Hampton Dupre Road,Pine Prairie,LA,70576,30.788221,-92.412663,1,range_interpolation,1133 Hampton Dupre Rd,,"Pine Prairie, LA 70576",1133,Hampton Dupre Rd,,,Pine Prairie,LA,Evangeline Parish,70576,US,TIGER/Line® dataset from the US Census Bureau
Sebastian County Detention Center,801 South A Street,Fort Smith,AR,72901,35.382509,-94.42505,1,rooftop,801 S A St,,"Fort Smith, AR 72901",801,S A St,,,Fort Smith,AR,Sebastian County,72901,US,Arkansas Geographic Information Office
Titus County Jail,304 South Van Buren Avenue,Mt. Pleasant,TX,75455,33.154787,-94.970938,1,rooftop,304 S Van Buren Ave,,"Mount Pleasant, TX 75455",304,S Van Buren Ave,,,Mount Pleasant,TX,Titus County,75455,US,Statewide (CC 0 Texas Natural Resources Information System)
Webb County Detention Center (Cca),9998 South Highway 83,Laredo,TX,78041,27.367767,-99.495067,0.69,nearest_rooftop_match,9999 US-83,,"Laredo, TX 78046",9999,US-83,,,Laredo,TX,Webb County,78046,US,Statewide (CC 0 Texas Natural Resources Information System)
South Central Regional Jail,1001 Centre Way,Charleston,WV,25309,38.310996,-81.710286,1,rooftop,1001 Centre Way,,"South Charleston, WV 25309",1001,Centre Way,,,South Charleston,WV,Kanawha County,25309,US,Kanawha
East Hidalgo Detention Center,1330 Highway 107,La Villa,TX,78562,26.294017,-97.918988,0.7,nearest_rooftop_match,1305 E Highway 107,,"La Villa, TX 78562",1305,E Highway 107,,,La Villa,TX,Hidalgo County,78562,US,Statewide Partial
Florence Spc,3250 North Pinal Parkway,Florence,AZ,85132,33.063608,-111.379047,1,range_interpolation,3250 N Pinal Pkwy,,"Florence, AZ 85132",3250,N Pinal Pkwy,,,Florence,AZ,Pinal County,85132,US,TIGER/Line® dataset from the US Census Bureau
Floyd County Jail,2526 New Calhoun Hwy,Rome,GA,30161,34.280012,-85.141532,1,rooftop,2526 New Calhoun Hwy,,"Rome, GA 30161",2526,New Calhoun Hwy,,,Rome,GA,Floyd County,30161,US,Floyd
La Paz County Adult Detention Facility,1109 Arizona Ave.,Parker,AZ,85344,34.1459,-114.2901,1,rooftop,1109 Arizona Ave,,"Parker, AZ 85344",1109,Arizona Ave,,,Parker,AZ,LA Paz County,85344,US,Statewide AZ
Lexington County Jail,521 Gibson Road,Lexington,SC,29072,33.979261,-81.250446,1,rooftop,521 Gibson Rd,,"Lexington, SC 29072",521,Gibson Rd,,,Lexington,SC,Lexington County,29072,US,Lexington
Midland County Detention Center,400 S Main Street,Midland,TX,79701,31.994227,-102.074279,1,range_interpolation,400 S Main St,,"Midland, TX 79701",400,S Main St,,,Midland,TX,Midland County,79701,US,TIGER/Line® dataset from the US Census Bureau
New Hanover County Jail,3950 Juvenile Rd,Castle Hayne,NC,28429,34.326678,-77.896008,0.9,rooftop,3950 Juvenile Center Rd,,"Castle Hayne, NC 28429",3950,Juvenile Center Rd,,,Castle Hayne,NC,New Hanover County,28429,US,New Hanover
Oldham County Jail,100 W Main Street,La Grange,KY,40031,38.40809,-85.379596,1,rooftop,100 W Main St,,"La Grange, KY 40031",100,W Main St,,,La Grange,KY,Oldham County,40031,US,Oldham
Pennington County Jail (South Dakota),307 Saint Joseph Street,Rapid City,SD,57701,44.078764,-103.221489,1,rooftop,307 St Joseph St,,"Rapid City, SD 57701",307,St Joseph St,,,Rapid City,SD,Pennington County,57701,US,Statewide SD
Robert A. Deyton Detention Facility,11866 Hastings Bridge Rd,Lovejoy,GA,30250,33.439818,-84.306705,0.86,rooftop,11866 Hastings Bridge Rd,,"Hampton, GA 30228",11866,Hastings Bridge Rd,,,Hampton,GA,Clayton County,30228,US,Clayton (Clayton County)
San Juan Staging,"651 Federal Drive, Suite 104",Guaynabo,PR,965,0,0,0,,,,,Could not geocode address. No matches found.,,,,,,,,,
Western Virginia Regional Jail,5885 W River Rd,Salem,VA,24153,37.250884,-80.170342,1,rooftop,5885 W River Rd,,"Salem, VA 24153",5885,W River Rd,,,Salem,VA,Roanoke County,24153,US,Virginia Geographic Information Network (VGIN)
Eden Detention Ctr,702 E Broadway St,Eden,TX,76837,31.21662,-99.834003,1,rooftop,702 E Broadway St,,"Eden, TX 76837",702,E Broadway St,,,Eden,TX,Concho County,76837,US,Statewide Partial
Knox County Detention Facility,5001 Maloneyville Rd,Knoxville,TN,37918,36.085017,-83.84114,1,rooftop,5001 Maloneyville Rd,,"Knoxville, TN 37918",5001,Maloneyville Rd,,,Knoxville,TN,Knox County,37918,US,Statewide TN
Robert A Deyton Detention,11866 Hastings Bridge Road P.o. Box 429,Lovejoy,GA,30250,33.439818,-84.306705,0.86,rooftop,11866 Hastings Bridge Rd,429,"Hampton, GA 30228",11866,Hastings Bridge Rd,,429,Hampton,GA,Clayton County,30228,US,Clayton (Clayton County)
Coastal Bend Detention Facility,4909 Fm 2826,Robstown,TX,78380,27.736711,-97.754746,1,rooftop,4909 Farm To Market Rd 2826,,"Robstown, TX 78380",4909,Farm To Market Rd 2826,,,Robstown,TX,Nueces County,78380,US,Statewide (CC 0 Texas Natural Resources Information System)
Clinton County Correctional Facility,58 Pine Mountain Rd.,Mcelhattan,PA,17748,41.151143,-77.34938,0.9,rooftop,58 Pine Mountain Rd,,"Lock Haven, PA 17745",58,Pine Mountain Rd,,,Lock Haven,PA,Clinton County,17745,US,Clinton
Elizabeth Contract Detention Facility,625 Evans Street,Elizabeth,NJ,7201,40.666175,-74.188848,1,range_interpolation,625 Evans St,,"Elizabeth, NJ 07201",625,Evans St,,,Elizabeth,NJ,Union County,7201,US,TIGER/Line® dataset from the US Census Bureau
Grayson County Jail,320 Shaw Station Road,Leitchfield,KY,42754,37.489142,-86.270203,1,rooftop,320 Shaw Station Rd,,"Leitchfield, KY 42754",320,Shaw Station Rd,,,Leitchfield,KY,Grayson County,42754,US,Statewide KY
Hancock County Public Safety Complex,8450 Highway 90,Bay St. Louis,MS,39520,30.30278,-89.476802,1,rooftop,8450 Hwy 90,,"Bay Saint Louis, MS 39520",8450,Hwy 90,,,Bay Saint Louis,MS,Hancock County,39520,US,Hancock
Randall County Jail,9100 South Georgia Street,Amarillo,TX,79118,35.117643,-101.867072,1,rooftop,9100 S Georgia St,,"Amarillo, TX 79118",9100,S Georgia St,,,Amarillo,TX,Randall County,79118,US,City of Amarillo
Baldwin County Correctional Center,200 Hand Ave.,Bay Minette,AL,36507,30.884244,-87.774802,1,range_interpolation,200 Hand Ave,,"Bay Minette, AL 36507",200,Hand Ave,,,Bay Minette,AL,Baldwin County,36507,US,TIGER/Line® dataset from the US Census Bureau
Clinton County Jail***,25 Mccarthy Drive,Plattsburgh,NY,12901,44.720019,-73.466723,1,rooftop,25 McCarthy Dr,,"Plattsburgh, NY 12901",25,McCarthy Dr,,,Plattsburgh,NY,Clinton County,12901,US,"NYS GIS Program Office, State Geographic Information Officer (GIO)"
Dallas County Jail - Lew Sterrett Justice Center***,111 West Commerce Street,Dallas,TX,75202,32.778541,-96.814318,1,rooftop,111 W Commerce St,,"Dallas, TX 75207",111,W Commerce St,,,Dallas,TX,Dallas County,75207,US,Dallas
Prince Edward County (Farmville),508 Waterworks Road,Farmville,VA,23901,37.32058,-78.440928,1,rooftop,508 Water Works Rd,,"Farmville, VA 23901",508,Water Works Rd,,,Farmville,VA,Prince Edward County,23901,US,Virginia Geographic Information Network (VGIN)
Jefferson County Jail***,200 Courthouse Way,Rigby,ID,83442,43.679169,-111.910983,1,rooftop,200 Courthouse Way,,"Rigby, ID 83442",200,Courthouse Way,,,Rigby,ID,Jefferson County,83442,US,Jefferson
Saipan Department Of Corrections (Suspe),"Tekken St., Susupe Village",Saipan,MP,96950,15.190983,145.746743,1,place,,,"Saipan, MP 96950",,,,,Saipan,MP,Saipan Municipality,96950,US,TIGER/Line® dataset from the US Census Bureau
San Luis Regional Detention Center***,406 North Avenue D,San Luis,AZ,85349,32.484666,-114.684637,1,rooftop,406 N Ave D,,"San Luis, AZ 85349",406,N Ave D,,,San Luis,AZ,Yuma County,85349,US,Statewide AZ
Baker County Sheriff Dept.,1 Sheriff Office Drive,Macclenny,FL,32063,30.29585,-82.121578,1,rooftop,1 Sheriffs Office Dr,,"Macclenny, FL 32063",1,Sheriffs Office Dr,,,Macclenny,FL,Baker County,32063,US,Baker
"Cca, Florence Correctional Center",1100 Bowling Road,Florence,AZ,85132,33.044083,-111.371772,0.9,rooftop,1100 N Bowling Rd,,"Florence, AZ 85132",1100,N Bowling Rd,,,Florence,AZ,Pinal County,85132,US,Pinal
"Chippewa Co., Ssm",325 Court Street,Sault Ste Marie,MI,49783,46.498387,-84.345679,1,range_interpolation,325 Court St,,"Sault Sainte Marie, MI 49783",325,Court St,,,Sault Sainte Marie,MI,Chippewa County,49783,US,TIGER/Line® dataset from the US Census Bureau
Clay County Justice Center,611 East Jackson Street,Brazil,IN,47834,39.523729,-87.119076,1,rooftop,611 E Jackson St,,"Brazil, IN 47834",611,E Jackson St,,,Brazil,IN,Clay County,47834,US,"Address Points of Indiana: Address Points Maintained by Local Government Agencies in Indiana, (Indiana Geographic Information Office, File Geodatabase, Point Feature Class)"
Clinton County Corr. Fac.,58 Pine Mountain Rd.,Mcelhattan,PA,17748,41.151143,-77.34938,0.9,rooftop,58 Pine Mountain Rd,,"Lock Haven, PA 17745",58,Pine Mountain Rd,,,Lock Haven,PA,Clinton County,17745,US,Clinton
Coastal Bend Det. Facility,4909 Fm 2826,Robstown,TX,78380,27.736711,-97.754746,1,rooftop,4909 Farm To Market Rd 2826,,"Robstown, TX 78380",4909,Farm To Market Rd 2826,,,Robstown,TX,Nueces County,78380,US,Statewide (CC 0 Texas Natural Resources Information System)
Collier County Naples Jail Center,3347 Tamiami Trail E,Naples,FL,34112,26.1297,-81.763432,1,rooftop,3347 Tamiami Trl E,,"Naples, FL 34112",3347,Tamiami Trl E,,,Naples,FL,Collier County,34112,US,Collier (Public Domain Collier County)
Denver Contract Detention Facility,3130 Oakland St,Aurora,CO,80010,39.760873,-104.84918,1,rooftop,3130 N Oakland St,,"Aurora, CO 80010",3130,N Oakland St,,,Aurora,CO,Adams County,80010,US,Adams
Deptartment Of Corrections Hagatna,203 Aspinal Ave. Po Box 3236,Hagatna,GU,96910,13.472745,144.752018,0.5,place,,,"Hagatna, GU 96910",,,,,Hagatna,GU,Guam,96910,US,TIGER/Line® dataset from the US Census Bureau
"Dodge County Jail, Juneau",215 West Central Street,Juneau,WI,53039,43.372221,-88.710157,0.5,place,,,"Juneau, WI 53039",,,,,Juneau,WI,Dodge County,53039,US,TIGER/Line® dataset from the US Census Bureau
"Freeborn County Jail, Mn",411 South Broadway Avenue,Albert Lea,MN,56007,43.646149,-93.368026,1,rooftop,411 Broadway Ave S,,"Albert Lea, MN 56007",411,Broadway Ave S,,,Albert Lea,MN,Freeborn County,56007,US,Freeborn
Geauga County Jail (Geaugoh),12450 Merritt Dr,Chardon,OH,44024,41.504957,-81.192105,1,rooftop,12450 Merritt Rd,,"Chardon, OH 44024",12450,Merritt Rd,,,Chardon,OH,Geauga County,44024,US,Geauga
Kandiyohi Co. Jail,2201 23rd St Ne,Willmar,MN,56201,45.14671,-95.014442,1,rooftop,2201 23rd St NE,,"Willmar, MN 56201",2201,23rd St NE,,,Willmar,MN,Kandiyohi County,56201,US,Kandiyohi
Karnes Co Immigration Process Ctr,409 Fm 1144,Karnes City,TX,78118,28.885513,-97.915467,1,rooftop,409 Farm To Market Rd 1144,,"Karnes City, TX 78118",409,Farm To Market Rd 1144,,,Karnes City,TX,Karnes County,78118,US,Statewide TX
Krome North Service Processing Center,18201 Sw 12th St,Miami,FL,33194,25.754769,-80.490569,1,rooftop,18201 SW 12th St,,"Miami, FL 33194",18201,SW 12th St,,,Miami,FL,Miami-Dade County,33194,US,Miami Dade (CC0 1.0 Miami-Dade County)
Limestone Det Center,910 North Tyus Street,Groesbeck,TX,76642,31.527512,-96.514703,1,rooftop,910 N Tyus St,,"Groesbeck, TX 76642",910,N Tyus St,,,Groesbeck,TX,Limestone County,76642,US,Statewide (CC 0 Texas Natural Resources Information System)
Montgomery Processing Ctr,806 Hilbig Rd,Conroe,TX,77301,30.337099,-95.443385,1,rooftop,806 Hilbig Rd,,"Conroe, TX 77301",806,Hilbig Rd,,,Conroe,TX,Montgomery County,77301,US,Montgomery
Otero Co Processing Center,26 Mcgregor Range Road,Chaparral,NM,88081,32.080372,-106.281726,1,rooftop,26 McGregor Range Rd,,"Chaparral, NM 88081",26,McGregor Range Rd,,,Chaparral,NM,Otero County,88081,US,Statewide NM
Pike County Jail,175 Pike County Boulevard,Lords Valley,PA,18428,41.389076,-75.071227,1,rooftop,175 Pike County Blvd,,"Hawley, PA 18428",175,Pike County Blvd,,,Hawley,PA,Pike County,18428,US,Pike
Plymouth Co Cor Facilty,26 Long Pond Road,Plymouth,MA,2360,41.931309,-70.651334,1,rooftop,26 Long Pond Rd,,"Plymouth, MA 02360",26,Long Pond Rd,,,Plymouth,MA,Plymouth County,2360,US,"Office of Geographic Information (MassGIS), Commonwealth of Massachusetts, MassIT"
Prairieland Detention Center,1209 Sunflower Ln,Alvarado,TX,76009,32.421413,-97.195828,1,rooftop,1209 Sunflower Ln,,"Alvarado, TX 76009",1209,Sunflower Ln,,,Alvarado,TX,Johnson County,76009,US,Statewide (CC 0 Texas Natural Resources Information System)
Richwood Cor Center,180 Pine Bayou Circle,Monroe,LA,71202,32.458519,-92.079595,1,range_interpolation,180 Pine Bayou Cir,,"Monroe, LA 71202",180,Pine Bayou Cir,,,Monroe,LA,Ouachita Parish,71202,US,TIGER/Line® dataset from the US Census Bureau
Robert A Deyton Detention Fac,11866 Hastings Bridge Road P.o. Box 429,Lovejoy,GA,30250,33.439818,-84.306705,0.86,rooftop,11866 Hastings Bridge Rd,429,"Hampton, GA 30228",11866,Hastings Bridge Rd,,429,Hampton,GA,Clayton County,30228,US,Clayton (Clayton County)
Saipan Department Of Corr,"Vicente T. Seman Bldg, Civic Center",Saipan,MP,96950,15.190983,145.746743,1,place,,,"Saipan, MP 96950",,,,,Saipan,MP,Saipan Municipality,96950,US,TIGER/Line® dataset from the US Census Bureau
South Central Regional Jail,1001 Center Way,Charleston,WV,25309,38.310996,-81.710286,1,rooftop,1001 Centre Way,,"South Charleston, WV 25309",1001,Centre Way,,,South Charleston,WV,Kanawha County,25309,US,Kanawha
South Louisiana Ice Processing Center,3843 Stagg Avenue,Basile,LA,70515,30.486648,-92.583629,0.9,range_interpolation,3843 E Stagg Ave,,"Basile, LA 70515",3843,E Stagg Ave,,,Basile,LA,Evangeline Parish,70515,US,TIGER/Line® dataset from the US Census Bureau
Strafford Co Dept Of Corr,266 County Farm Road,Dover,NH,3820,43.219176,-70.938666,1,range_interpolation,266 County Farm Rd,,"Dover, NH 03820",266,County Farm Rd,,,Dover,NH,Strafford County,3820,US,TIGER/Line® dataset from the US Census Bureau
Washoe County Jail,911 Parr Blvd 775 328 3308,Reno,NV,89506,39.574718,-119.813104,0.99,rooftop,911 Parr Blvd,3308,"Reno, NV 89512",911,Parr Blvd,,3308,Reno,NV,Washoe County,89512,US,Washoe
Jefferson County Jail,219 East Fremont Avenue,Rigby,ID,83442,43.67345,-111.911201,1,rooftop,219 E Fremont Ave,,"Rigby, ID 83442",219,E Fremont Ave,,,Rigby,ID,Jefferson County,83442,US,Jefferson
Buffalo Service Processing Center,4250 Federal Drive,Batavia,NY,14020,43.021006,-78.199812,1,rooftop,4250 Federal Dr,,"Batavia, NY 14020",4250,Federal Dr,,,Batavia,NY,Genesee County,14020,US,"NYS GIS Program Office, State Geographic Information Officer (GIO)"
El Paso Service Processing Center,8915 Montana Ave.,El Paso,TX,79925,31.793762,-106.369208,1,rooftop,8915 Montana Ave,,"El Paso, TX 79925",8915,Montana Ave,,,El Paso,TX,El Paso County,79925,US,Statewide (CC 0 Texas Natural Resources Information System)
Florence Service Processing Center,3250 North Pinal Parkway,Florence,AZ,85132,33.063608,-111.379047,1,range_interpolation,3250 N Pinal Pkwy,,"Florence, AZ 85132",3250,N Pinal Pkwy,,,Florence,AZ,Pinal County,85132,US,TIGER/Line® dataset from the US Census Bureau
Chippewa County Ssm,325 Court Street,Sault Ste Marie,MI,49783,46.498387,-84.345679,1,range_interpolation,325 Court St,,"Sault Sainte Marie, MI 49783",325,Court St,,,Sault Sainte Marie,MI,Chippewa County,49783,US,TIGER/Line® dataset from the US Census Bureau
Department Of Corrections Hagatna,203 Aspinal Ave. Po Box 3236,Hagatna,GU,96910,13.472745,144.752018,0.5,place,,,"Hagatna, GU 96910",,,,,Hagatna,GU,Guam,96910,US,TIGER/Line® dataset from the US Census Bureau
Richwood Correctional Center,180 Pine Bayou Circle,Monroe,LA,71202,32.458519,-92.079595,1,range_interpolation,180 Pine Bayou Cir,,"Monroe, LA 71202",180,Pine Bayou Cir,,,Monroe,LA,Ouachita Parish,71202,US,TIGER/Line® dataset from the US Census Bureau
Robert A Deyton Detention Facility,11866 Hastings Bridge Road P.o. Box 429,Lovejoy,GA,30250,33.439818,-84.306705,0.86,rooftop,11866 Hastings Bridge Rd,429,"Hampton, GA 30228",11866,Hastings Bridge Rd,,429,Hampton,GA,Clayton County,30228,US,Clayton (Clayton County)
Saipan Department Of Corrections (Susupe),"Vicente T. Seman Bldg, Civic Center",Saipan,MP,96950,15.190983,145.746743,1,place,,,"Saipan, MP 96950",,,,,Saipan,MP,Saipan Municipality,96950,US,TIGER/Line® dataset from the US Census Bureau
Lincoln County Sheriff's,#65 Business Park Dr,Troy,MO,63379,39.072466,-90.965837,0.7,street_center,Park Dr,,"Troy, MO 63379",,Park Dr,,,Troy,MO,Lincoln County,63379,US,TIGER/Line® dataset from the US Census Bureau
Orange County Jail (Fl),3855 South John Young Parkway,Orlando,FL,32839,28.50353,-81.416856,1,rooftop,3855 S John Young Pkwy,,"Orlando, FL 32839",3855,S John Young Pkwy,,,Orlando,FL,Orange County,32839,US,Orange (Public Domain Orange County)
Orange County Jail (Ny),110 Wells Farm Road,Goshen,NY,10924,41.40424,-74.360625,1,rooftop,110 Wells Farm Rd,,"Goshen, NY 10924",110,Wells Farm Rd,,,Goshen,NY,Orange County,10924,US,"NYS GIS Program Office, State Geographic Information Officer (GIO)"
Lubbock County Detention Center,811 Main Street,Lubbock,TX,79401,33.585346,-101.843766,1,rooftop,811 Main St,,"Lubbock, TX 79401",811,Main St,,,Lubbock,TX,Lubbock County,79401,US,Lubbock
Northwest Ice Processsing Center,1623 E. J Street,Tacoma,WA,98421,47.249288,-122.421653,1,rooftop,1623 E J St,,"Tacoma, WA 98421",1623,E J St,,,Tacoma,WA,Pierce County,98421,US,City of Tacoma
Sweetwater County Jail,50140 United States Highway 191 South,Rock Springs,WY,82935,41.504128,-109.467505,0.57,street_center,Spring View Dr,,"Green River, WY 82935",,Spring View Dr,,,Green River,WY,Sweetwater County,82935,US,TIGER/Line® dataset from the US Census Bureau
Cascade County Jail (Montana),3800 Ulm North Frontage Road,Great Falls,MT,59404,47.469048,-111.367675,1,rooftop,3800 Ulm North Frontage Rd,,"Great Falls, MT 59404",3800,Ulm North Frontage Rd,,,Great Falls,MT,Cascade County,59404,US,Montana State Library
Otay Mesa Detention Center (San Diego Cdf),7488 Calzada De La Fuente,San Diego,CA,92158,32.573764,-116.917929,0.67,nearest_rooftop_match,7363 Calzada De Fuente,,"San Diego, CA 92154",7363,Calzada De Fuente,,,San Diego,CA,San Diego County,92154,US,San Diego Geographic Information Source - JPA
Cobb County Jail,1825 County Services Parkway,Marietta,GA,30060,33.909084,-84.58237,0.9,range_interpolation,1825 County Services Pkwy,,"Marietta, GA 30008",1825,County Services Pkwy,,,Marietta,GA,Cobb County,30008,US,TIGER/Line® dataset from the US Census Bureau
Gaston County Jail,425 North Marietta Street,Gastonia,NC,28052,35.267801,-81.182136,1,range_interpolation,425 N Marietta St,,"Gastonia, NC 28052",425,N Marietta St,,,Gastonia,NC,Gaston County,28052,US,TIGER/Line® dataset from the US Census Bureau
Grand Forks County Correctional Facility,1701 North Washington St,Grand Forks,ND,58206,47.935496,-97.057652,1,rooftop,1701 N Washington St,,"Grand Forks, ND 58203",1701,N Washington St,,,Grand Forks,ND,Grand Forks County,58203,US,City of Grand Forks
Hall County Department Of Corrections,110 Public Safety Drive,Grand Island,NE,68801,40.926635,-98.328414,1,rooftop,110 Public Safety Dr,,"Grand Island, NE 68801",110,Public Safety Dr,,,Grand Island,NE,Hall County,68801,US,Statewide NE
Mclellan County Jail,3201 Marlin Hwy,Waco,TX,76705,31.548763,-97.079386,0.95,rooftop,3201 Marlin,,"Waco, TX 76706",3201,Marlin,,,Waco,TX,McLennan County,76706,US,City of Waco
Monroe County Detention Main,100 East 2nd Street,Monroe,MI,48161,41.91376,-83.397583,1,rooftop,100 E 2nd St,,"Monroe, MI 48161",100,E 2nd St,,,Monroe,MI,Monroe County,48161,US,City of Monroe
Saint Clair County Jail,1170 Michigan Road,Port Huron,MI,48060,42.942306,-82.479438,1,rooftop,1170 Michigan Rd,,"Port Huron, MI 48060",1170,Michigan Rd,,,Port Huron,MI,St. Clair County,48060,US,Semcog
Trusted Adult South Tex Dilley Fsc,300 El Rancho Way,Dilley,TX,78017,28.658454,-99.200878,1,rooftop,300 El Rancho Way,,"Dilley, TX 78017",300,El Rancho Way,,,Dilley,TX,Frio County,78017,US,Statewide TX
Torrance County Detention Facility,209 County Road 49,Estancia,NM,87016,34.752146,-106.16066,0.5,place,,,"Estancia, NM 87016",,,,,Estancia,NM,Torrance County,87016,US,TIGER/Line® dataset from the US Census Bureau
Northwest Ice Procsesing Center,1623 E. J Street,Tacoma,WA,98421,47.249288,-122.421653,1,rooftop,1623 E J St,,"Tacoma, WA 98421",1623,E J St,,,Tacoma,WA,Pierce County,98421,US,City of Tacoma
Platte County Jail,850 Maple Street,Wheatland,WY,82201,42.055149,-104.95254,1,range_interpolation,850 Maple St,,"Wheatland, WY 82201",850,Maple St,,,Wheatland,WY,Platte County,82201,US,TIGER/Line® dataset from the US Census Bureau
Finney County Jail,304 N. 9th Street,Garden City,KS,67846,37.967505,-100.876101,1,rooftop,304 N 9th St,,"Garden City, KS 67846",304,N 9th St,,,Garden City,KS,Finney County,67846,US,Statewide KS
Yellowstone County Jail,3165 King Avenue East,Billings,MT,59101,45.755786,-108.500906,1,rooftop,3165 King Ave E,,"Billings, MT 59101",3165,King Ave E,,,Billings,MT,Yellowstone County,59101,US,Montana State Library
Bergen County Jail,160 South River Street,Hackensack,NJ,7601,40.873284,-74.036634,1,rooftop,160 River St S,,"Hackensack, NJ 07601",160,River St S,,,Hackensack,NJ,Bergen County,7601,US,Bergen
Catahoula Correctional Center,499 Old Columbia Road,Harrisonburg,LA,71430,31.77501,-91.836953,0.9,rooftop,499 Old Columbia Rd,,"Harrisonburg, LA 71340",499,Old Columbia Rd,,,Harrisonburg,LA,Catahoula Parish,71340,US,Catahoula
Fayette County Detention Center,600 Old Frankford Cr,Lexington,KY,40510,38.065632,-84.545141,1,rooftop,600 Old Frankfort Cir,,"Lexington, KY 40510",600,Old Frankfort Cir,,,Lexington,KY,Fayette County,40510,US,Lexington Fayette (Public Domain)
Greentree Inn Houston Iah,15675 John F Kennedy Blvd,Houston,TX,77032,29.944899,-95.332537,1,rooftop,15675 John F Kennedy Blvd,,"Houston, TX 77032",15675,John F Kennedy Blvd,,,Houston,TX,Harris County,77032,US,City of Houston
Woodbury County Jail,407 7th Street,Sioux City,IA,51101,42.49776,-96.405896,1,rooftop,407 7th St,,"Sioux City, IA 51101",407,7th St,,,Sioux City,IA,Woodbury County,51101,US,Statewide IA
Etowah County Jail (Alabama),827 Forrest Avenue,Gadsden,AL,35901,34.016468,-86.012404,1,rooftop,827 Forrest Ave,,"Gadsden, AL 35901",827,Forrest Ave,,,Gadsden,AL,Etowah County,35901,US,Etowah
Mclennan County Jail,3201 Marlin Hwy,Waco,TX,76705,31.548763,-97.079386,0.95,rooftop,3201 Marlin,,"Waco, TX 76706",3201,Marlin,,,Waco,TX,McLennan County,76706,US,City of Waco
Rockingham County Jail,25 South Liberty Street,Harrisonburg,VA,22801,38.4493,-78.870779,1,rooftop,25 S Liberty St,,"Harrisonburg, VA 22801",25,S Liberty St,,,Harrisonburg,VA,Rockingham County,22801,US,Virginia Geographic Information Network (VGIN)
Clinton County Correctional,58 Pine Mountain Rd.,Mcelhattan,PA,17748,41.151143,-77.34938,0.9,rooftop,58 Pine Mountain Rd,,"Lock Haven, PA 17745",58,Pine Mountain Rd,,,Lock Haven,PA,Clinton County,17745,US,Clinton
Broward County Jail,555 Se 1st Avenue,Ft.lauderdale,FL,33301,26.115998,-80.141619,1,rooftop,555 SE 1st Ave,,"Fort Lauderdale, FL 33301",555,SE 1st Ave,,,Fort Lauderdale,FL,Broward County,33301,US,City of Fort Lauderdale
Nevada Southern Detention Center,NA,Pahrump,NV,NA,36.655797,-116.004795,1,place,,,"Pahrump, NV 89041",,,,,Pahrump,NV,Nye County,89041,US,TIGER/Line® dataset from the US Census Bureau
Atlanta Us Pen,"601 Mcdonough Boulevard, Se",Atlanta,GA,30315,33.709503,-84.365903,1,rooftop,601 McDonough Blvd SE,,"Atlanta, GA 30315",601,McDonough Blvd SE,,,Atlanta,GA,Fulton County,30315,US,City of Atlanta
Fdc Philadelphia,700 Arch St.,Philadelphia,PA,19106,39.952533,-75.152046,1,rooftop,700 Arch St,,"Philadelphia, PA 19106",700,Arch St,,,Philadelphia,PA,Philadelphia County,19106,US,Philadelphia
Grand Forks County Correctional Facility,1701 North Washington St,Grand Forks,ND,58203,47.935496,-97.057652,1,rooftop,1701 N Washington St,,"Grand Forks, ND 58203",1701,N Washington St,,,Grand Forks,ND,Grand Forks County,58203,US,City of Grand Forks
Jtf Camp Six,Avenue C Psc 1005 Box 55,Fpo,FL,34009,0,0,0,,,,,Could not geocode address. No matches found.,,,,,,,,,
Leavenworth Us Penitentiary,1300 Metropolitan Ave.,Leavenworth,KS,66048,39.32985,-94.93635,1,rooftop,1300 Metropolitan Ave,,"Leavenworth, KS 66048",1300,Metropolitan Ave,,,Leavenworth,KS,Leavenworth County,66048,US,Statewide KS
Marion County Jail,40 South Alabama Street,Indianapolis,IN,46204,39.765914,-86.153552,1,rooftop,40 S Alabama St,,"Indianapolis, IN 46204",40,S Alabama St,,,Indianapolis,IN,Marion County,46204,US,"Address Points of Indiana: Address Points Maintained by Local Government Agencies in Indiana, (Indiana Geographic Information Office, File Geodatabase, Point Feature Class)"
Miami Federal Detention,33 Ne 4 Street,Miami,FL,33132,25.778461,-80.193132,1,rooftop,33 NE 4th St,,"Miami, FL 33132",33,NE 4th St,,,Miami,FL,Miami-Dade County,33132,US,Miami Dade (CC0 1.0 Miami-Dade County)
Migrant Ops Center Main A,Avenue C Psc 1005 Box 55,Fpo,FL,34009,0,0,0,,,,,Could not geocode address. No matches found.,,,,,,,,,
Erie County Jail,Department Of Corrections 1618 Ash Street,Erie,PA,16503,42.124733,-80.065949,1,range_interpolation,1618 Ash St,,"Erie, PA 16503",1618,Ash St,,,Erie,PA,Erie County,16503,US,TIGER/Line® dataset from the US Census Bureau
Greene County Jail,1199 N Haseltine Rd,Springfield,MO,65802,37.224646,-93.386173,1,rooftop,1199 N Haseltine Rd,,"Springfield, MO 65802",1199,N Haseltine Rd,,,Springfield,MO,Greene County,65802,US,Greene
La Salle County Regional Detention Center,832 East Texas State Highway 44,Encinal,TX,78019,28.045504,-99.336329,1,rooftop,832 E Texas State 44,,"Encinal, TX 78019",832,E Texas State 44,,,Encinal,TX,La Salle County,78019,US,Statewide (CC 0 Texas Natural Resources Information System)
Nassau County Correctional Center,100 Carman Avenue,East Meadow,NY,11554,40.735155,-73.552695,1,rooftop,100 Carman Ave,,"East Meadow, NY 11554",100,Carman Ave,,,East Meadow,NY,Nassau County,11554,US,"NYS GIS Program Office, State Geographic Information Officer (GIO)"
Northeast Ohio Correctional Center,2240 Hubbard Road,Youngstown,OH,44505,41.131341,-80.631519,1,rooftop,2240 Hubbard Rd,,"Youngstown, OH 44505",2240,Hubbard Rd,,,Youngstown,OH,Mahoning County,44505,US,Mahoning
Allegany County Jail,4884 State Route 19,Belmont,NY,14813,42.212803,-78.016503,1,rooftop,4884 State Route 19,,"Belmont, NY 14813",4884,State Route 19,,,Belmont,NY,Allegany County,14813,US,"NYS GIS Program Office, State Geographic Information Officer (GIO)"
Berlin Fed. Corr. Inst.,1 Success Loop Dr.,Berlin,NH,3570,44.521154,-71.135765,1,rooftop,1 Success Loop Rd,,"Berlin, NH 03570",1,Success Loop Rd,,,Berlin,NH,Coos County,3570,US,Statewide NH
Butler County Jail,705 Hanover Street,Hamilton,OH,45011,39.389759,-84.555672,1,rooftop,705 Hanover St,,"Hamilton, OH 45011",705,Hanover St,,,Hamilton,OH,Butler County,45011,US,Butler
Cimmarron Corr Facility,3700 S. Kings Hwy,Cushing,OK,74023,35.973592,-96.784917,0.7,street_center,S Kings Hwy,,"Cushing, OK 74023",,S Kings Hwy,,,Cushing,OK,Payne County,74023,US,TIGER/Line® dataset from the US Census Bureau
El Paso Soft Sided Facili,12501 Gateway Blvd S,El Paso,TX,79934,31.808211,-106.442803,0.65,street_center,Gateway Blvd S,,"El Paso, TX 79930",,Gateway Blvd S,,,El Paso,TX,El Paso County,79930,US,TIGER/Line® dataset from the US Census Bureau
Lincoln County Jail,3020 N Jeffers,North Platte,NE,69101,41.14411,-100.761676,0.7,street_center,N Jeffers St,,"North Platte, NE 69101",,N Jeffers St,,,North Platte,NE,Lincoln County,69101,US,TIGER/Line® dataset from the US Census Bureau
Miami Staging Facility,Unavailable,Miami,FL,33101,25.558428,-80.458168,0.9,place,,,"Miami, FL 33234",,,,,Miami,FL,Miami-Dade County,33234,US,TIGER/Line® dataset from the US Census Bureau
Ste. Genevieve County Sheriff/Jail,5 Basler Dr.,Ste. Genevieve,MO,63670,37.96798,-90.05526,1,range_interpolation,5 Basler Dr,Ste GENEVIEVE,"Sainte Genevieve, MO 63670",5,Basler Dr,Ste,GENEVIEVE,Sainte Genevieve,MO,Ste. Genevieve County,63670,US,TIGER/Line® dataset from the US Census Bureau
Two Bridges Regional Jail,522 Bath Rd,Wiscasset,ME,4578,43.978373,-69.698718,1,rooftop,522 Bath Rd,,"Wiscasset, ME 04578",522,Bath Rd,,,Wiscasset,ME,Lincoln County,4578,US,Maine Office of GIS
Broome County Jail,897 Front Street,Binghampton,NY,13905,42.127538,-75.907343,0.8,range_interpolation,897 Old Front St,,"Binghamton, NY 13905",897,Old Front St,,,Binghamton,NY,Broome County,13905,US,TIGER/Line® dataset from the US Census Bureau
Campbell Co Det Ctr,601 Central Ave,Newport,KY,41071,39.089156,-84.497376,0.95,range_interpolation,601 Central Ave,,"Newport, KY 41071",601,Central Ave,,,Newport,KY,Campbell County,41071,US,TIGER/Line® dataset from the US Census Bureau
Corr. Ctr Of Northwest Ohio,"3151 Road 24.25, Route 1",Stryker,OH,43557,41.518349,-83.884,0.75,nearest_rooftop_match,3161 County Rd 1,,"Swanton, OH 43558",3161,County Rd 1,,,Swanton,OH,Fulton County,43558,US,Fulton
El Paso Soft Sided Facility,12501 Gateway Blvd S,El Paso,TX,79934,31.808211,-106.442803,0.65,street_center,Gateway Blvd S,,"El Paso, TX 79930",,Gateway Blvd S,,,El Paso,TX,El Paso County,79930,US,TIGER/Line® dataset from the US Census Bureau
Pennington County Jail (South Dakota),300 Kansas City Street None,Rapid City,SD,57701,44.078308,-103.222002,1,rooftop,300 Kansas City St,,"Rapid City, SD 57701",300,Kansas City St,,,Rapid City,SD,Pennington County,57701,US,Statewide SD
Phelps County Jail,301 W. 2nd,Rolla,MO,65401,37.945521,-91.772638,1,range_interpolation,301 W 2nd St,,"Rolla, MO 65401",301,W 2nd St,,,Rolla,MO,Phelps County,65401,US,TIGER/Line® dataset from the US Census Bureau
Dilley Immigration Processing Center,300 El Rancho Way,Dilley,TX,78017,28.658454,-99.200878,1,rooftop,300 El Rancho Way,,"Dilley, TX 78017",300,El Rancho Way,,,Dilley,TX,Frio County,78017,US,Statewide TX
Glades County Detention Center,1297 East Sr 78,Moore Haven,FL,33471,26.837956,-81.122891,0.88,rooftop,1297 E State Road 78,,"Moore Haven, FL 33471",1297,E State Road 78,,,Moore Haven,FL,Glades County,33471,US,Glades
Phelps County Jail (Mo),301 W. 2nd,Rolla,MO,65401,37.945521,-91.772638,1,range_interpolation,301 W 2nd St,,"Rolla, MO 65401",301,W 2nd St,,,Rolla,MO,Phelps County,65401,US,TIGER/Line® dataset from the US Census Bureau
Phelps County Jail (Ne),715 5th Avenue,Holdrege,NE,68949,40.4395,-99.370609,1,rooftop,715 5th Ave,,"Holdrege, NE 68949",715,5th Ave,,,Holdrege,NE,Phelps County,68949,US,Phelps
St. John's County Jail,3955 Lewis Speedway St.,St. Augustine,FL,32084,29.9403,-81.338802,1,rooftop,3955 Lewis Speedway,,"Saint Augustine, FL 32084",3955,Lewis Speedway,,,Saint Augustine,FL,St. Johns County,32084,US,St Johns
